{
  "baseline": "data/surgery_experiments/merge_substitution/evals/baseline_focused/20260620T_baseline_focused/results.json",
  "created_at": "2026-06-20T20:33:09.349382+00:00",
  "schema_version": 1,
  "summary": [
    {
      "baseline_decode_tokens_per_second": 145.87086982619604,
      "baseline_mean_score": 0.5833333333333333,
      "baseline_min_score": 0.3333333333333333,
      "config": "balanced_reasoning_off",
      "delta_decode_tokens_per_second": -0.3302630340598114,
      "delta_mean_score": -0.12499999999999994,
      "delta_min_score": -0.3333333333333333,
      "tasks": 16,
      "variant_decode_tokens_per_second": 145.54060679213623,
      "variant_mean_score": 0.4583333333333333,
      "variant_min_score": 0.0
    },
    {
      "baseline_decode_tokens_per_second": 145.75087651843853,
      "baseline_mean_score": 0.47916666666666663,
      "baseline_min_score": 0.0,
      "config": "balanced_reasoning_on",
      "delta_decode_tokens_per_second": -0.4235419308226085,
      "delta_mean_score": 0.02083333333333337,
      "delta_min_score": 0.3333333333333333,
      "tasks": 16,
      "variant_decode_tokens_per_second": 145.32733458761592,
      "variant_mean_score": 0.5,
      "variant_min_score": 0.3333333333333333
    }
  ],
  "tasks": [
    {
      "baseline_decode_tokens_per_second": 145.31479458471597,
      "baseline_elapsed_ms": 2365.662097930908,
      "baseline_score": 0.3333333333333333,
      "config": "balanced_reasoning_off",
      "delta_score": -0.3333333333333333,
      "task_id": "instruction_following_001",
      "variant_decode_tokens_per_second": 144.75346129090462,
      "variant_elapsed_ms": 2150.458335876465,
      "variant_score": 0.0
    },
    {
      "baseline_decode_tokens_per_second": 145.3244551734428,
      "baseline_elapsed_ms": 2944.8702335357666,
      "baseline_score": 0.6666666666666666,
      "config": "balanced_reasoning_off",
      "delta_score": 0.33333333333333337,
      "task_id": "instruction_following_002",
      "variant_decode_tokens_per_second": 144.9252750719859,
      "variant_elapsed_ms": 3521.7394828796387,
      "variant_score": 1.0
    },
    {
      "baseline_decode_tokens_per_second": 145.27468156308638,
      "baseline_elapsed_ms": 2939.082384109497,
      "baseline_score": 0.3333333333333333,
      "config": "balanced_reasoning_off",
      "delta_score": 0.0,
      "task_id": "instruction_following_003",
      "variant_decode_tokens_per_second": 145.63917175636237,
      "variant_elapsed_ms": 2373.124599456787,
      "variant_score": 0.3333333333333333
    },
    {
      "baseline_decode_tokens_per_second": 145.86300452761895,
      "baseline_elapsed_ms": 3179.8501014709473,
      "baseline_score": 0.3333333333333333,
      "config": "balanced_reasoning_off",
      "delta_score": -0.3333333333333333,
      "task_id": "instruction_following_004",
      "variant_decode_tokens_per_second": 144.8106695488071,
      "variant_elapsed_ms": 3064.521074295044,
      "variant_score": 0.0
    },
    {
      "baseline_decode_tokens_per_second": 146.25270052771666,
      "baseline_elapsed_ms": 3431.4846992492676,
      "baseline_score": 0.6666666666666666,
      "config": "balanced_reasoning_off",
      "delta_score": 0.0,
      "task_id": "instruction_following_005",
      "variant_decode_tokens_per_second": 145.32709939027978,
      "variant_elapsed_ms": 3229.6957969665527,
      "variant_score": 0.6666666666666666
    },
    {
      "baseline_decode_tokens_per_second": 145.4873492705206,
      "baseline_elapsed_ms": 3031.395196914673,
      "baseline_score": 0.3333333333333333,
      "config": "balanced_reasoning_off",
      "delta_score": 0.0,
      "task_id": "instruction_following_006",
      "variant_decode_tokens_per_second": 145.28282419524726,
      "variant_elapsed_ms": 3750.1437664031982,
      "variant_score": 0.3333333333333333
    },
    {
      "baseline_decode_tokens_per_second": 144.93335411754094,
      "baseline_elapsed_ms": 4484.960317611694,
      "baseline_score": 0.3333333333333333,
      "config": "balanced_reasoning_off",
      "delta_score": -0.3333333333333333,
      "task_id": "instruction_following_007",
      "variant_decode_tokens_per_second": 144.4358642211893,
      "variant_elapsed_ms": 4142.104148864746,
      "variant_score": 0.0
    },
    {
      "baseline_decode_tokens_per_second": 145.75886264805027,
      "baseline_elapsed_ms": 2222.501754760742,
      "baseline_score": 0.6666666666666666,
      "config": "balanced_reasoning_off",
      "delta_score": -0.6666666666666666,
      "task_id": "instruction_following_008",
      "variant_decode_tokens_per_second": 144.283509659186,
      "variant_elapsed_ms": 1997.7526664733887,
      "variant_score": 0.0
    },
    {
      "baseline_decode_tokens_per_second": 145.6704055404089,
      "baseline_elapsed_ms": 3785.6481075286865,
      "baseline_score": 0.6666666666666666,
      "config": "balanced_reasoning_off",
      "delta_score": 0.0,
      "task_id": "personalization_memory_001",
      "variant_decode_tokens_per_second": 146.7565278628479,
      "variant_elapsed_ms": 3738.4650707244873,
      "variant_score": 0.6666666666666666
    },
    {
      "baseline_decode_tokens_per_second": 147.10445845043688,
      "baseline_elapsed_ms": 3888.659954071045,
      "baseline_score": 1.0,
      "config": "balanced_reasoning_off",
      "delta_score": 0.0,
      "task_id": "personalization_memory_002",
      "variant_decode_tokens_per_second": 146.04734924061128,
      "variant_elapsed_ms": 3212.7089500427246,
      "variant_score": 1.0
    },
    {
      "baseline_decode_tokens_per_second": 146.87734317579674,
      "baseline_elapsed_ms": 3970.80135345459,
      "baseline_score": 1.0,
      "config": "balanced_reasoning_off",
      "delta_score": -0.33333333333333337,
      "task_id": "personalization_memory_003",
      "variant_decode_tokens_per_second": 146.69854915134889,
      "variant_elapsed_ms": 3801.7001152038574,
      "variant_score": 0.6666666666666666
    },
    {
      "baseline_decode_tokens_per_second": 146.80056886075917,
      "baseline_elapsed_ms": 3525.679588317871,
      "baseline_score": 0.3333333333333333,
      "config": "balanced_reasoning_off",
      "delta_score": 0.3333333333333333,
      "task_id": "personalization_memory_004",
      "variant_decode_tokens_per_second": 146.38019233646375,
      "variant_elapsed_ms": 3693.9470767974854,
      "variant_score": 0.6666666666666666
    },
    {
      "baseline_decode_tokens_per_second": 146.20157777435347,
      "baseline_elapsed_ms": 3268.0277824401855,
      "baseline_score": 0.3333333333333333,
      "config": "balanced_reasoning_off",
      "delta_score": 0.0,
      "task_id": "personalization_memory_005",
      "variant_decode_tokens_per_second": 146.11615733128866,
      "variant_elapsed_ms": 3398.2551097869873,
      "variant_score": 0.3333333333333333
    },
    {
      "baseline_decode_tokens_per_second": 145.38300770793794,
      "baseline_elapsed_ms": 4408.944606781006,
      "baseline_score": 1.0,
      "config": "balanced_reasoning_off",
      "delta_score": -0.33333333333333337,
      "task_id": "personalization_memory_006",
      "variant_decode_tokens_per_second": 146.14608739881254,
      "variant_elapsed_ms": 4099.148273468018,
      "variant_score": 0.6666666666666666
    },
    {
      "baseline_decode_tokens_per_second": 145.75364069525534,
      "baseline_elapsed_ms": 3508.3212852478027,
      "baseline_score": 1.0,
      "config": "balanced_reasoning_off",
      "delta_score": -0.33333333333333337,
      "task_id": "personalization_memory_007",
      "variant_decode_tokens_per_second": 145.00589345381252,
      "variant_elapsed_ms": 4007.155179977417,
      "variant_score": 0.6666666666666666
    },
    {
      "baseline_decode_tokens_per_second": 145.93371260149573,
      "baseline_elapsed_ms": 3152.5681018829346,
      "baseline_score": 0.3333333333333333,
      "config": "balanced_reasoning_off",