{
  "baseline": "data/surgery_experiments/merge_substitution/evals/baseline_focused/20260620T_baseline_focused/results.json",
  "created_at": "2026-06-20T20:36:22.891658+00:00",
  "schema_version": 1,
  "summary": [
    {
      "baseline_decode_tokens_per_second": 145.87086982619604,
      "baseline_mean_score": 0.5833333333333333,
      "baseline_min_score": 0.3333333333333333,
      "config": "balanced_reasoning_off",
      "delta_decode_tokens_per_second": -0.8622576556880119,
      "delta_mean_score": 0.02083333333333337,
      "delta_min_score": 0.0,
      "tasks": 16,
      "variant_decode_tokens_per_second": 145.00861217050803,
      "variant_mean_score": 0.6041666666666666,
      "variant_min_score": 0.3333333333333333
    },
    {
      "baseline_decode_tokens_per_second": 145.75087651843853,
      "baseline_mean_score": 0.47916666666666663,
      "baseline_min_score": 0.0,
      "config": "balanced_reasoning_on",
      "delta_decode_tokens_per_second": -1.2454535763945103,
      "delta_mean_score": 0.0,
      "delta_min_score": 0.0,
      "tasks": 16,
      "variant_decode_tokens_per_second": 144.50542294204402,
      "variant_mean_score": 0.47916666666666663,
      "variant_min_score": 0.0
    }
  ],
  "tasks": [
    {
      "baseline_decode_tokens_per_second": 145.31479458471597,
      "baseline_elapsed_ms": 2365.662097930908,
      "baseline_score": 0.3333333333333333,
      "config": "balanced_reasoning_off",
      "delta_score": 0.0,
      "task_id": "instruction_following_001",
      "variant_decode_tokens_per_second": 143.30569886125443,
      "variant_elapsed_ms": 2496.373414993286,
      "variant_score": 0.3333333333333333
    },
    {
      "baseline_decode_tokens_per_second": 145.3244551734428,
      "baseline_elapsed_ms": 2944.8702335357666,
      "baseline_score": 0.6666666666666666,
      "config": "balanced_reasoning_off",
      "delta_score": 0.0,
      "task_id": "instruction_following_002",
      "variant_decode_tokens_per_second": 144.81719758632423,
      "variant_elapsed_ms": 3046.750545501709,
      "variant_score": 0.6666666666666666
    },
    {
      "baseline_decode_tokens_per_second": 145.27468156308638,
      "baseline_elapsed_ms": 2939.082384109497,
      "baseline_score": 0.3333333333333333,
      "config": "balanced_reasoning_off",
      "delta_score": 0.0,
      "task_id": "instruction_following_003",
      "variant_decode_tokens_per_second": 143.38433308362073,
      "variant_elapsed_ms": 2837.6662731170654,
      "variant_score": 0.3333333333333333
    },
    {
      "baseline_decode_tokens_per_second": 145.86300452761895,
      "baseline_elapsed_ms": 3179.8501014709473,
      "baseline_score": 0.3333333333333333,
      "config": "balanced_reasoning_off",
      "delta_score": 0.3333333333333333,
      "task_id": "instruction_following_004",
      "variant_decode_tokens_per_second": 143.3514007756473,
      "variant_elapsed_ms": 3493.309736251831,
      "variant_score": 0.6666666666666666
    },
    {
      "baseline_decode_tokens_per_second": 146.25270052771666,
      "baseline_elapsed_ms": 3431.4846992492676,
      "baseline_score": 0.6666666666666666,
      "config": "balanced_reasoning_off",
      "delta_score": 0.0,
      "task_id": "instruction_following_005",
      "variant_decode_tokens_per_second": 143.59243246124498,
      "variant_elapsed_ms": 4315.556526184082,
      "variant_score": 0.6666666666666666
    },
    {
      "baseline_decode_tokens_per_second": 145.4873492705206,
      "baseline_elapsed_ms": 3031.395196914673,
      "baseline_score": 0.3333333333333333,
      "config": "balanced_reasoning_off",
      "delta_score": 0.0,
      "task_id": "instruction_following_006",
      "variant_decode_tokens_per_second": 144.70783365404085,
      "variant_elapsed_ms": 3079.9713134765625,
      "variant_score": 0.3333333333333333
    },
    {
      "baseline_decode_tokens_per_second": 144.93335411754094,
      "baseline_elapsed_ms": 4484.960317611694,
      "baseline_score": 0.3333333333333333,
      "config": "balanced_reasoning_off",
      "delta_score": 0.3333333333333333,
      "task_id": "instruction_following_007",
      "variant_decode_tokens_per_second": 144.55589409958114,
      "variant_elapsed_ms": 4376.435279846191,
      "variant_score": 0.6666666666666666
    },
    {
      "baseline_decode_tokens_per_second": 145.75886264805027,
      "baseline_elapsed_ms": 2222.501754760742,
      "baseline_score": 0.6666666666666666,
      "config": "balanced_reasoning_off",
      "delta_score": 0.0,
      "task_id": "instruction_following_008",
      "variant_decode_tokens_per_second": 143.46650953668004,
      "variant_elapsed_ms": 2190.88077545166,
      "variant_score": 0.6666666666666666
    },
    {
      "baseline_decode_tokens_per_second": 145.6704055404089,
      "baseline_elapsed_ms": 3785.6481075286865,
      "baseline_score": 0.6666666666666666,
      "config": "balanced_reasoning_off",
      "delta_score": 0.0,
      "task_id": "personalization_memory_001",
      "variant_decode_tokens_per_second": 146.8472197583427,
      "variant_elapsed_ms": 3837.1524810791016,
      "variant_score": 0.6666666666666666
    },
    {
      "baseline_decode_tokens_per_second": 147.10445845043688,
      "baseline_elapsed_ms": 3888.659954071045,
      "baseline_score": 1.0,
      "config": "balanced_reasoning_off",
      "delta_score": 0.0,
      "task_id": "personalization_memory_002",
      "variant_decode_tokens_per_second": 146.96340767492944,
      "variant_elapsed_ms": 3153.4717082977295,
      "variant_score": 1.0
    },
    {
      "baseline_decode_tokens_per_second": 146.87734317579674,
      "baseline_elapsed_ms": 3970.80135345459,
      "baseline_score": 1.0,
      "config": "balanced_reasoning_off",
      "delta_score": 0.0,
      "task_id": "personalization_memory_003",
      "variant_decode_tokens_per_second": 146.94395000704307,
      "variant_elapsed_ms": 3720.564842224121,
      "variant_score": 1.0
    },
    {
      "baseline_decode_tokens_per_second": 146.80056886075917,
      "baseline_elapsed_ms": 3525.679588317871,
      "baseline_score": 0.3333333333333333,
      "config": "balanced_reasoning_off",
      "delta_score": 0.0,
      "task_id": "personalization_memory_004",
      "variant_decode_tokens_per_second": 146.65865639467083,
      "variant_elapsed_ms": 3434.4565868377686,
      "variant_score": 0.3333333333333333
    },
    {
      "baseline_decode_tokens_per_second": 146.20157777435347,
      "baseline_elapsed_ms": 3268.0277824401855,
      "baseline_score": 0.3333333333333333,
      "config": "balanced_reasoning_off",
      "delta_score": 0.0,
      "task_id": "personalization_memory_005",
      "variant_decode_tokens_per_second": 145.45167233509193,
      "variant_elapsed_ms": 3411.630630493164,
      "variant_score": 0.3333333333333333
    },
    {
      "baseline_decode_tokens_per_second": 145.38300770793794,
      "baseline_elapsed_ms": 4408.944606781006,
      "baseline_score": 1.0,
      "config": "balanced_reasoning_off",
      "delta_score": -0.33333333333333337,
      "task_id": "personalization_memory_006",
      "variant_decode_tokens_per_second": 145.67891697609497,
      "variant_elapsed_ms": 3929.0316104888916,
      "variant_score": 0.6666666666666666
    },
    {
      "baseline_decode_tokens_per_second": 145.75364069525534,
      "baseline_elapsed_ms": 3508.3212852478027,
      "baseline_score": 1.0,
      "config": "balanced_reasoning_off",
      "delta_score": -0.33333333333333337,
      "task_id": "personalization_memory_007",
      "variant_decode_tokens_per_second": 145.74632155890455,
      "variant_elapsed_ms": 4876.671075820923,
      "variant_score": 0.6666666666666666
    },
    {
      "baseline_decode_tokens_per_second": 145.93371260149573,
      "baseline_elapsed_ms": 3152.5681018829346,
      "baseline_score": 0.3333333333333333,
      "config": "balanced_reasoning_off",
      "delta_score": 0.3333333333333333,